"title";"name";"unit";"batch";"elapsed";"error %";"instructions";"branches";"branch misses";"cache misses";"total"
"Benchmarking std::mt19937_64 and std::knuth_b";"std::mt19937_64";"op";1;3.29608272709214e-09;0.00776119573121428;33.567917832977;1.50003888608045;0.00324698771755373;0;0.012062617
"Benchmarking std::mt19937_64 and std::knuth_b";"std::knuth_b";"op";1;1.63923359421207e-08;0.00557519567103603;36.0002422239004;1.59792908390726e-05;1.50752253746194e-05;0;0.012096274
