{
    "results": [
        {
            "title": "Benchmarking std::mt19937_64 and std::knuth_b",
            "name": "std::mt19937_64",
            "unit": "op",
            "batch": 1,
            "complexityN": -1,
            "epochs": 11,
            "clockResolution": 4.9e-08,
            "clockResolutionMultiple": 1000,
            "maxEpochTime": 0.1,
            "minEpochTime": 0.001,
            "minEpochIterations": 1,
            "epochIterations": 0,
            "warmup": 0,
            "relative": 0,
            "median(elapsed)": 3.29608272709214e-09,
            "medianAbsolutePercentError(elapsed)": 0.00776119573121428,
            "median(instructions)": 33.567917832977,
            "medianAbsolutePercentError(instructions)": 6.10473432110284e-05,
            "median(cpucycles)": 10.904012487987,
            "median(contextswitches)": 0,
            "median(pagefaults)": 0,
            "median(branchinstructions)": 1.50003888608045,
            "median(branchmisses)": 0.00324698771755373,
            "median(cachemissrate)": 0,
            "totalTime": 0.012062617,
            "measurements": [
                {
                    "iterations": 316661,
                    "elapsed": 3.35516530295805e-09,
                    "pagefaults": 0,
                    "cpucycles": 10.9892029646846,
                    "contextswitches": 0,
                    "instructions": 33.5679196364567,
                    "branchinstructions": 1.50003947439059,
                    "branchmisses": 0.00341058734735253,
                    "cachemissrate": 0
                },
                {
                    "iterations": 306459,
                    "elapsed": 3.33749375936096e-09,
                    "pagefaults": 0,
                    "cpucycles": 11.0366443798355,
                    "contextswitches": 0,
                    "instructions": 33.5650054330269,
                    "branchinstructions": 1.49988742376631,
                    "branchmisses": 0.00349802094244255,
                    "cachemissrate": 0
                },
                {
                    "iterations": 342025,
                    "elapsed": 3.24053797237044e-09,
                    "pagefaults": 0,
                    "cpucycles": 10.8357780863972,
                    "contextswitches": 0,
                    "instructions": 33.5652978583437,
                    "branchinstructions": 1.49989913018054,
                    "branchmisses": 0.00333308968642643,
                    "cachemissrate": 0
                },
                {
                    "iterations": 317597,
                    "elapsed": 3.35436102985859e-09,
                    "pagefaults": 0,
                    "cpucycles": 10.9036609287871,
                    "contextswitches": 0,
                    "instructions": 33.567917832977,
                    "branchinstructions": 1.50003935805439,
                    "branchmisses": 0.00323680639300749,
                    "cachemissrate": 0
                },
                {
                    "iterations": 360026,
                    "elapsed": 3.29587863098776e-09,
                    "pagefaults": 0,
                    "cpucycles": 10.904012487987,
                    "contextswitches": 0,
                    "instructions": 33.5679256498142,
                    "branchinstructions": 1.50003888608045,
                    "branchmisses": 0.00324698771755373,
                    "cachemissrate": 0
                },
                {
                    "iterations": 347359,
                    "elapsed": 3.29608272709214e-09,
                    "pagefaults": 0,
                    "cpucycles": 10.8254572358856,
                    "contextswitches": 0,
                    "instructions": 33.5645053100683,
                    "branchinstructions": 1.49986037500108,
                    "branchmisses": 0.00323008760389108,
                    "cachemissrate": 0
                },
                {
                    "iterations": 324605,
                    "elapsed": 3.31672648295621e-09,
                    "pagefaults": 0,
                    "cpucycles": 10.9255895626993,
                    "contextswitches": 0,
                    "instructions": 33.5728562406617,
                    "branchinstructions": 1.5002972843918,
                    "branchmisses": 0.00340721800341954,
                    "cachemissrate": 0
                },
                {
                    "iterations": 348111,
                    "elapsed": 3.26107477212728e-09,
                    "pagefaults": 0,
                    "cpucycles": 10.9043035123854,
                    "contextswitches": 0,
                    "instructions": 33.5609906035719,
                    "branchinstructions": 1.49967395457196,
                    "branchmisses": 0.00330641663147674,
                    "cachemissrate": 0
                },
                {
                    "iterations": 329702,
                    "elapsed": 3.30367726007122e-09,
                    "pagefaults": 0,
                    "cpucycles": 10.8556272027467,
                    "contextswitches": 0,
                    "instructions": 33.5697235685558,
                    "branchinstructions": 1.5001334538462,
                    "branchmisses": 0.00324535489623963,
                    "cachemissrate": 0
                },
                {
                    "iterations": 310800,
                    "elapsed": 3.2706981981982e-09,
                    "pagefaults": 0,
                    "cpucycles": 10.8647554697555,
                    "contextswitches": 0,
                    "instructions": 33.5658687258687,
                    "branchinstructions": 1.49993243243243,
                    "branchmisses": 0.00323680823680824,
                    "cachemissrate": 0
                },
                {
                    "iterations": 352482,
                    "elapsed": 3.27549208186517e-09,
                    "pagefaults": 0,
                    "cpucycles": 10.9045426433123,
                    "contextswitches": 0,
                    "instructions": 33.5694560289603,
                    "branchinstructions": 1.50011631799638,
                    "branchmisses": 0.00322002258271344,
                    "cachemissrate": 0
                }
            ]
        },
        {
            "title": "Benchmarking std::mt19937_64 and std::knuth_b",
            "name": "std::knuth_b",
            "unit": "op",
            "batch": 1,
            "complexityN": -1,
            "epochs": 11,
            "clockResolution": 4.9e-08,
            "clockResolutionMultiple": 1000,
            "maxEpochTime": 0.1,
            "minEpochTime": 0.001,
            "minEpochIterations": 1,
            "epochIterations": 0,
            "warmup": 0,
            "relative": 0,
            "median(elapsed)": 1.63923359421207e-08,
            "medianAbsolutePercentError(elapsed)": 0.00557519567103603,
            "median(instructions)": 36.0002422239004,
            "medianAbsolutePercentError(instructions)": 3.73462710239135e-07,
            "median(cpucycles)": 54.5193067991812,
            "median(contextswitches)": 0,
            "median(pagefaults)": 0,
            "median(branchinstructions)": 1.59792908390726e-05,
            "median(branchmisses)": 1.50752253746194e-05,
            "median(cachemissrate)": 0,
            "totalTime": 0.012096274,
            "measurements": [
                {
                    "iterations": 62795,
                    "elapsed": 1.63855084003503e-08,
                    "pagefaults": 0,
                    "cpucycles": 54.5039095469385,
                    "contextswitches": 0,
                    "instructions": 36.0002547973565,
                    "branchinstructions": 1.59248347798392e-05,
                    "branchmisses": 1.59248347798392e-05,
                    "cachemissrate": 0
                },
                {
                    "iterations": 62752,